name,n_trees,max_depth,min_samples_split,decision_threshold,smote_N,accuracy,f1
Randomforest_dt9,100,10,2,0.1,0,0.8208661417322834,0.39906237049316207
Randomforest_dt8,100,10,2,0.2,0,0.8996062992125984,0.5038806133960178
Randomforest_dt7,100,10,2,0.3,0,0.8996062992125984,0.349780701754386
Randomforest_dt6,100,10,2,0.4,0,0.9061679790026246,0.2837812756928964
Randomforest_dt5,100,10,2,0.5,0,0.8950131233595802,0.11743510113075331
